insurance_name;insurance_address;insurance_inn;insurance_p;insurance_bik
Avamba;0536 Bunker Hill Plaza;2716833;553793026;180522995
Chatterpoint;45 Boyd Place;6233619;531363170;629384303
Zooveo;6 Farragut Parkway;3684079;860679987;324109181
Eayo;98454 Killdeer Plaza;5787114;983977443;285648819
Linkbuzz;5 Tomscot Way;2521538;802384978;979020413
Tambee;521 John Wall Lane;9854721;231744268;358042203
Voonix;885 Bay Lane;4806103;239778425;737969814
Trilia;94 Monument Road;4537666;677130910;698937634
Feednation;725 Carey Center;9162843;311785031;368493303
Aimbo;071 Center Circle;6859878;862525773;831334691
Kwilith;18833 Grasskamp Center;5198914;884961197;510762295
Fatz;875 Fairfield Junction;1650736;952720883;271680057
Skippad;414 Grasskamp Place;7809473;902716024;195414173
Centizu;24 Havey Park;7171532;262196504;160938280
Trudeo;3 Bunting Park;8719609;773892184;508142475
Jabberstorm;9 Cordelia Trail;6242491;599809033;480502618
Midel;959 Norway Maple Lane;4900896;609191676;678516410
Fatz;7164 Bonner Hill;5474913;997561369;234558028
Rhybox;74062 Starling Crossing;5328301;917685805;738548807
Kimia;049 Utah Terrace;2329942;363280929;752891377
Roomm;2 5th Street;2967964;226716241;209279782
Centidel;26 Sherman Terrace;7005773;341404301;880846425
Skinte;724 Surrey Court;6090277;330000297;229937243
Tekfly;0051 Jana Avenue;7528948;799658692;820447949
Livetube;412 Straubel Point;9844017;678183334;165920743
Yata;98 Derek Drive;7940453;540559833;955425008
Blognation;4807 Carberry Road;6239240;220356617;314240470
Trudoo;4 Judy Park;6282945;602663678;981608205
Yacero;53 Heath Way;7974506;379525509;866524887
Linkbridge;49 Reindahl Crossing;5242224;176064099;256334298
Skipfire;33 Jenifer Junction;1854038;447786171;869722186
Zoovu;3 Anderson Avenue;4447389;727559929;662479612
Jayo;06206 Arkansas Circle;3934411;812910640;916889640
Innojam;8 Nelson Avenue;9035432;257384280;857501042
Jayo;6957 Algoma Park;9081736;758011005;782474762
Devcast;25434 Caliangt Park;9889076;476975520;992708205
Aimbu;2056 Glacier Hill Crossing;6531552;783884931;798349005
Mita;150 Grayhawk Lane;9543478;845546101;951749448
Skinte;443 Hintze Parkway;1556920;390997069;945924920
Mymm;75 Fairview Plaza;7293300;753446284;182131305
Skaboo;7 Cottonwood Center;8100703;874812240;336655126
Wikido;82489 Dahle Road;9375023;471963552;957053473
Meezzy;5899 Vermont Circle;6131255;807679319;855674352
Babbleblab;8752 John Wall Circle;4174124;431247722;196797847
Oyoyo;43494 Glendale Point;4814139;299181802;834802793
Feedspan;3 Utah Hill;7477986;939963632;296132753
Aimbo;245 Arrowood Pass;6585314;957963712;461728325
Topiczoom;05201 Hauk Plaza;9307092;466831091;818635159
Wordpedia;34 Ilene Court;6067662;117750747;542852141
Youspan;33584 Ludington Circle;3403539;437024187;926585230
Linklinks;9 Sullivan Way;5909949;407733514;602621360
Photospace;5316 Center Pass;7392694;144834326;718836030
Tagpad;873 Green Road;5637806;583539366;905323773
Dynabox;93842 Arkansas Center;1748685;782834141;793081105
Jaxworks;009 Lukken Alley;7566506;573504447;751774728
Izio;4 Service Alley;1721609;700280172;942430823
Babbleset;4 Monument Terrace;9112666;600491815;322942624
Eayo;21220 Calypso Point;7923930;815556002;859880362
Bluejam;20359 Corscot Court;7271253;848275402;742717235
Rhycero;48245 Kipling Junction;1765815;130822226;598800028
Topicware;34098 Northland Road;1287536;773717391;529066093
Youfeed;468 Anzinger Parkway;7150842;357304607;736306682
Zoonder;39 Village Crossing;1342024;477159791;948520846
Ntags;67 Spohn Junction;1174927;695445658;741760722
Devshare;57 Springview Trail;2661136;466416759;286194718
Kazio;6686 Dexter Plaza;6421901;405654245;544271272
Einti;0852 Saint Paul Pass;9425581;659161598;521543742
Fanoodle;2 Moose Pass;7312051;962096637;162048401
Meeveo;85318 Maple Place;8249685;888533273;457631041
Livetube;160 Village Green Pass;4449445;344209784;582012489
Skipstorm;825 Westend Circle;8815876;911865496;510744834
Tavu;29 Delaware Road;8850929;239576268;577352280
Skipfire;85379 2nd Avenue;4257454;968021772;659583942
Yambee;09885 East Crossing;5124367;881773221;841207712
Yotz;947 Ridgeway Drive;9309488;595750417;798936710
Livetube;9421 Comanche Junction;9920666;793215949;870692768
Brainlounge;2 Luster Street;6728203;344634505;312413211
Skipstorm;8879 Transport Drive;7448590;716348762;156723951
Dazzlesphere;803 Sunfield Parkway;5612471;426168932;479023435
Katz;97001 Kropf Lane;4986813;692262206;645271376
Oodoo;9 Heath Lane;3364907;411638035;611751003
Rooxo;37 Hintze Road;4747133;802253603;495323391
Kanoodle;0834 Sunbrook Lane;4683423;588876220;865852331
Gabspot;85 Quincy Alley;5361877;184494897;617529587
Dabfeed;0 Elmside Street;9752041;224053593;187950239
Tagcat;7 Summerview Street;4734798;447140030;524373361
Eadel;8 Lillian Plaza;8932033;411375287;237705090
Topicshots;4 Grover Circle;3069872;839594937;908412494
Ooba;75 Fieldstone Drive;8364117;354028524;811216708
Plambee;53 Bartelt Court;6412949;389860224;451466725
Jazzy;12 Muir Center;6443366;715486615;489771123
Gabtune;844 Amoth Drive;4954456;254488644;316804265
Vinte;06 Division Circle;5827173;556972264;562296514
Jetpulse;69649 Forest Run Street;5415202;817917084;937700676
Jamia;5031 Buhler Lane;3404518;566061566;580377973
Shufflebeat;78 Derek Center;1121163;821629716;497666059
Linkbridge;4 Gerald Park;9145728;170868018;439707797
Jayo;21 Larry Avenue;3021211;978347505;965916877
Yacero;83 Butterfield Point;3773317;595621542;145501352
Babbleopia;564 Northwestern Court;3651773;339650479;727716527
Roomm;0746 Gale Road;8344646;670263835;195997767
Livetube;84 Hintze Alley;1316873;765793513;339808742
Roomm;4420 Park Meadow Point;8477887;784955654;787215911
Skipstorm;603 Crownhardt Parkway;8901464;373647156;203000238
Centimia;4135 Ridgeview Lane;2880191;131711452;941431365
Rhynoodle;912 Sachtjen Drive;8888198;599118102;582478050
Mynte;1493 John Wall Junction;4308900;697104134;285413231
Skalith;86197 Jenna Avenue;1734349;659299265;687383766
Avamm;0632 Novick Drive;2557081;641123509;734209725
Midel;0641 Arkansas Hill;6863753;492219942;465486359
Brightbean;8 High Crossing Pass;5119162;520678741;718625287
Skippad;24 West Lane;3440416;314774289;457195012
Skimia;1941 John Wall Alley;2577502;178493671;394169325
Youtags;87 Tomscot Pass;2144568;253732338;811385190
Yamia;28379 Toban Road;1310368;896706351;893475213
Divape;572 Crownhardt Plaza;7123011;873897644;116648059
Mynte;9010 Harper Road;5738853;335187581;173293628
Skivee;2 Quincy Avenue;4363100;177279585;688047514
Voonder;960 Blackbird Lane;1563127;437947705;112167846
Rhybox;500 Anniversary Street;1958182;363964870;666241228
Gigabox;4423 Debs Street;1150969;837906402;796683484
Jatri;68 Jackson Lane;5435128;795964789;478306612
Flashspan;20263 Eastwood Place;1603970;873003458;899840495
Muxo;8 Sunbrook Plaza;5687564;361891170;691601878
Edgeify;00146 Fair Oaks Lane;4266616;403732766;433087526
Zazio;19428 Elgar Trail;4990260;209100604;886448503
Jabbersphere;415 Grayhawk Road;3693819;146887974;636958451
Topiclounge;51 Meadow Ridge Circle;2165370;550808251;229674160
Topiczoom;2546 Del Mar Point;6129087;653413802;313134524
Bubblebox;25 Macpherson Junction;1804659;592753939;927350393
Skipfire;355 Dixon Lane;4506155;612714953;283345768
Oloo;97 Spenser Lane;7252645;750286317;158585443
Talane;64 Sugar Road;3740945;746014902;151168440
Demimbu;45 Walton Alley;1818567;953862658;707765458
Gabcube;6 Truax Parkway;2432840;881506303;882158250
Yodo;1401 Goodland Point;7878609;848497808;588596817
Innotype;5053 Carberry Parkway;4060735;198528824;480671129
Teklist;8499 Summer Ridge Lane;4078672;427010337;673720456
Innotype;72929 Macpherson Trail;1422829;764745823;310206396
Shufflester;31 Banding Parkway;3859726;604825207;645368949
Skimia;9 Arapahoe Junction;4253897;506895095;177640447
Yotz;46211 Nobel Point;6604945;806663560;542702764
Tagcat;582 Sachs Drive;5846972;442306762;649901957
Riffwire;581 Schurz Road;8973496;883694727;897019273
Zoomdog;2405 Hansons Crossing;7810839;705345804;759508532
Thoughtmix;6847 Northview Pass;2963271;203618065;987388737
Skinder;9777 Ronald Regan Road;4939541;596609513;360405646
Eayo;14 American Ash Parkway;5768022;460648209;232699726
Thoughtbridge;9 Larry Crossing;5031231;676770363;815445265
Voonyx;6068 Katie Drive;1286083;709926956;947443886
Jatri;8 Moland Court;6578473;946326472;771412575
Wikizz;55719 Erie Street;6463879;276880335;780110657
Skilith;19779 Magdeline Way;7936996;897491718;181632988
Edgeify;043 Luster Place;6019452;184943967;187091924
Talane;094 Canary Circle;4833956;599127778;400390859
Dynabox;2 Sundown Terrace;1275202;874807691;370084610
Skinix;4 Ilene Plaza;1272605;534842992;471790066
Centizu;126 Riverside Road;9240954;764621940;806556638
Digitube;0 Schurz Terrace;6198995;780578409;740179501
Janyx;7 Holmberg Court;4218364;200667129;818867438
Flashset;091 Brentwood Hill;5213444;183477796;498054085
Voonder;71414 Reinke Pass;1790447;602210773;687494204
Leexo;129 Hanson Circle;7441517;415041476;479041623
Livefish;00653 La Follette Circle;6765314;639266828;448725098
Twimm;974 Graedel Terrace;5774141;413425853;549825207
Quinu;8149 Manitowish Park;4124256;228119652;894958133
Trilith;16203 Hollow Ridge Avenue;2082475;336079984;700003360
Thoughtworks;290 Stoughton Park;8442228;713055236;791766615
Skimia;350 Hooker Trail;6478973;242690117;972734630
Kwinu;00 Oakridge Street;8659394;627494753;319904224
Trupe;40420 Mosinee Point;8544360;479046160;934060119
Photobean;2757 Delladonna Lane;1939665;328298936;481317142
Voonix;353 Hansons Street;5473709;778880612;425359937
Thoughtworks;0 David Way;5410657;471959410;795651516
Tazzy;60145 Continental Alley;2039767;865758372;825844019
Feedfish;312 Carberry Place;4318485;385255946;759663611
Babbleblab;1 Glacier Hill Pass;3545446;305171648;670949824
Rhybox;84221 Arrowood Hill;5082429;404780540;597360087
Topicshots;79191 Knutson Court;2360358;166928997;339499597
Browsebug;9838 Bartillon Point;6083797;578639429;251142782
Linkbuzz;7 Algoma Park;2705920;841448383;124362790
Yodo;1053 Mallory Point;7952722;209268635;914295661
Blogtag;58 Barby Terrace;5048586;529468108;665911704
Browsecat;6 Fallview Court;7843781;534496608;271913864
Riffwire;52 Clyde Gallagher Hill;3473213;435473500;428202320
Topiczoom;9 Arapahoe Center;2375192;646531573;300851735
Jazzy;34 Oneill Road;8932344;178753877;463378214
Meetz;3541 Transport Lane;5321345;966707891;407956669
Fivebridge;903 Coleman Lane;8400546;517665228;314523416
Twitterlist;68537 Toban Park;8509709;716729748;354898205
BlogXS;16 Rigney Pass;6520837;485200573;263015761
Gabtune;4 Nevada Point;2946741;501379226;737583137
Oyonder;33379 Corben Trail;2818181;611952964;972926104
Dynabox;0 Mayer Court;2396051;854035027;776696279
Oyoba;74456 Crest Line Alley;5246810;512482909;818417160
Yacero;48361 Tennessee Street;8935268;580816191;592205669
Browsebug;84 Forest Street;3525388;308354864;266106250
Divape;9 Larry Terrace;7131549;152263507;360163780
Youtags;11208 Moulton Center;5846256;976621930;352598781
Pixonyx;4174 Gerald Road;4296057;685502970;235173704
Agivu;18 Union Alley;8102938;760787504;671839176
Youspan;87 Delaware Park;4776652;906131149;977469232
Photospace;86613 Oxford Parkway;8832439;484091722;159792315
Youbridge;1 Brown Lane;1966198;351943306;731396616
Dablist;37 Logan Circle;8412545;506469526;691778762
Dynabox;25 Mesta Way;9533175;610568994;467197273
Tagfeed;03163 Bluestem Terrace;9778164;611968988;479583449
Voomm;98 Boyd Parkway;4832350;747898642;445192654
Gabvine;1 Mcguire Pass;5537860;706766515;704367526
Skinder;1710 Tennessee Avenue;2948071;945446506;595588375
Devbug;30 Lighthouse Bay Park;8136404;611648013;373277585
Gigashots;05445 Dottie Place;7048645;422585966;804622531
Gabtune;58 Homewood Street;9658281;857931140;209212699
Rhybox;8 Banding Alley;3909845;969116881;995927699
Brainsphere;471 Westridge Crossing;7542614;722710732;142674818
Livepath;0 La Follette Lane;2138704;412460830;270900606
Skipstorm;72786 Stephen Court;5488517;630038242;603881225
Thoughtbeat;2908 Sauthoff Lane;6442704;148479586;126525696
Thoughtblab;1701 Katie Circle;6875177;646665308;513579432
Zoonoodle;4116 Cambridge Plaza;6156254;329964567;984848145
Feedspan;18783 Menomonie Street;2101404;658492412;540914015
Voolia;932 Gale Lane;6516590;476222584;237508562
Kazio;307 Kennedy Street;5880466;915957797;646409331
Blogspan;6159 Southridge Point;3139056;739304436;774485130
Realcube;6961 Manley Drive;9495724;455589400;733931746
Podcat;3 North Junction;3953538;612561758;771004248
Vidoo;9 Trailsway Alley;6297945;289296281;213133231
Browsezoom;9 Park Meadow Plaza;8120032;230231434;188687897
Voomm;80 Scofield Lane;2693355;938027337;432577661
Rhybox;483 Nelson Plaza;9523001;460032783;138537299
Skiptube;989 Declaration Avenue;8528124;396067581;769815664
Dabvine;4 7th Terrace;8092114;659248591;784832757
Mycat;6423 Welch Parkway;2670202;916833917;160795006
Brightdog;152 Farwell Crossing;9919250;906645883;378653769
Topicshots;95 Sunfield Road;3783600;370576569;640469545
Skivee;24198 Mallard Trail;7523185;734052387;153044731
Tazzy;9666 Shasta Drive;5416214;234821146;156430949
Minyx;43 Superior Circle;8536760;748248483;558771824
Browsecat;1 Moland Trail;2921820;501028999;246483427
Eabox;661 Ruskin Alley;9958609;897843533;637722334
LiveZ;3662 Kim Way;4050157;840518578;396432860
Talane;060 Farragut Center;4068669;889302356;818778129
Divape;91199 Roth Trail;5299636;432852319;696827496
Jaxspan;8 Algoma Court;7604880;177187933;550010416
Quinu;6 Muir Court;8861149;882653862;111979537
Meedoo;869 Russell Parkway;3345426;196655783;520077515
Ntag;11894 Commercial Place;2944969;430837520;167145031
Divanoodle;50667 Debs Avenue;3539664;926352472;265231431
Vinder;7 Drewry Park;4123630;217385480;456563047
Blogtags;76 Prairieview Circle;1158297;163772286;998062026
Edgepulse;59 Knutson Hill;9836331;853515900;759650973
Reallinks;40164 Pond Junction;8734046;713461808;389350180
Riffwire;4455 Badeau Road;3611095;285556869;997361460
Topdrive;3 Lotheville Drive;4099669;512451228;195506517
Abatz;969 Cherokee Hill;7754800;891232339;479629859
Realmix;40322 Johnson Drive;4420632;578417585;169245886
Linklinks;083 Charing Cross Drive;9205012;172703525;318646687
Photojam;8021 Hudson Court;1139623;176401208;126045093
Tagfeed;79241 Golf Parkway;6602795;642926218;832550974
Zoomcast;31 Buena Vista Avenue;8150249;981328309;909104923
Edgeclub;8 Browning Lane;2292160;448403204;306094976
Mycat;91689 7th Pass;2504269;809112447;705179849
Photolist;1727 Dennis Road;2895681;802362043;745615763
Jabberstorm;18 Ridge Oak Avenue;7048855;772816996;915934993
Zoonoodle;1249 Magdeline Terrace;1967397;335628569;406402725
Gabspot;715 Jana Avenue;3052797;300845514;610766450
Eadel;56 Northwestern Park;3002237;646272843;448132331
Photojam;7449 Dryden Lane;4369420;162710281;926388684
Vinder;1511 Ludington Parkway;3277842;364629953;257580955
Npath;90247 Buell Point;1226856;215785124;551552016
Innotype;8 Annamark Parkway;9613935;942178629;248795195
Reallinks;8988 New Castle Point;4921890;967374237;991261727
Gigazoom;15 Memorial Terrace;8974773;294363390;782981428
Yabox;00 Corben Way;7936631;607506116;584016704
Realcube;6 Pond Street;1279729;586446980;419815916
Roombo;083 Buhler Terrace;7408324;124529095;358392943
Camido;859 Knutson Lane;8860304;822103009;961188314
Lazzy;82895 Kingsford Lane;2228367;633754037;726064655
Eimbee;0 Clemons Parkway;9299385;861897309;902635103
Livetube;04128 Amoth Circle;9623464;643437409;883120944
Thoughtstorm;2917 Pennsylvania Court;9839190;600705278;172675601
Babbleset;68658 Packers Parkway;3823906;659350519;759205182
Latz;35 Sachs Circle;3399024;922661206;998157835
Eare;230 Blackbird Avenue;1694920;201883668;279965759
Divavu;070 School Center;4632570;740905941;536584109
Trudoo;256 Monument Pass;4241095;485735575;807022959
Katz;5664 Hanson Point;8128630;778534112;611131354
Fatz;15 Crescent Oaks Pass;1291203;535348782;475600601
Youspan;5701 Center Trail;3777192;944695096;581572256
Skiptube;5 Goodland Park;6176265;871534695;864478100
Bubblemix;90646 Charing Cross Drive;9803385;407585888;533398637
Skyba;34 Northport Drive;7715675;117430967;989063907
Devshare;01827 Oneill Street;5855614;770254015;426604295
Jaxnation;116 Heath Lane;7094038;709346747;515934321
Blogpad;3 Golden Leaf Plaza;9755690;726981241;951763622
Muxo;84661 Morrow Crossing;5206708;315832020;483198562
Kaymbo;4889 Shasta Lane;6311525;739370545;146707069
Camimbo;0 Knutson Pass;4639383;749294641;483475808
Yabox;9 Leroy Point;8137127;428752241;842596748
Kwimbee;76 Colorado Point;2159363;626907813;321540665
Flashspan;7 Kedzie Point;9776271;309319508;118418007
Jaxnation;70686 Lunder Street;2869044;524789074;572092494
Fiveclub;6 Vahlen Avenue;6387301;531120961;220628439
Avavee;4 David Lane;5302947;668086991;352701542
Dynabox;15 Southridge Hill;7960385;660128823;587405442
Skalith;13331 Shopko Hill;5453212;651516841;696005321
Jabbertype;17 Hazelcrest Circle;5019039;793519781;693409004
Thoughtstorm;26 Northland Pass;2011734;589454573;257997914
Avamm;1514 Reinke Lane;2499549;648259126;649152212
Yamia;74 Maryland Court;1205796;225967238;739424283
Ailane;2685 Cambridge Alley;4820560;344675758;329192788
Teklist;82 Mallard Pass;1745106;937831265;820034866
Zoomlounge;498 Novick Way;2996184;943255806;177924975
Geba;60598 Ilene Point;9866065;301039960;816299251
JumpXS;76303 Knutson Lane;7089056;515157842;877219324
Mita;6240 Boyd Plaza;7912145;703843156;544623629
Quimm;6518 Charing Cross Court;3467343;390333899;129709066
Yombu;0973 Dorton Way;3458220;559986700;853626690
Gigabox;633 Lindbergh Alley;6922636;344602830;254136727
Yodoo;1 Warner Way;5720338;570724452;738888175
Rhyzio;186 Logan Court;3736170;791227769;860502216
Innojam;53 Lakeland Road;8076004;480007402;640913420
Photobug;23 Lakewood Gardens Alley;9834042;393925131;869725764
Vipe;06 Steensland Terrace;7517203;368197966;432940242
Fiveclub;89 Continental Road;6119831;758904328;968590256
Flashset;25602 Northfield Junction;9482355;757010152;391359558
Eire;4 Huxley Hill;8866446;796626916;716395536
Oodoo;8376 Crownhardt Road;7132970;769326899;195162968
Trudoo;9 Fordem Pass;4565313;730967943;593928170
Quatz;0466 Duke Place;5769879;739528008;275169397
Kare;3098 Stang Center;6975726;163306316;641144000
Blogtag;0 Bowman Hill;9537169;481274354;858054686
JumpXS;8805 Waubesa Road;4458000;848302180;764514253
Realfire;73800 Victoria Road;7256166;361233750;828219216
Trupe;40498 Macpherson Lane;9500134;671653709;928154305
Shufflebeat;9918 Hanover Way;3990164;175289180;286668060
Buzzster;580 Hintze Way;4339139;714893276;396726589
Agivu;51 Red Cloud Circle;6801527;688095094;499381727
Twitterworks;82819 Garrison Lane;8907896;220689018;198046852
Minyx;37 Forest Dale Point;4079911;748109482;509713496
Innojam;413 Loftsgordon Court;9791467;888274057;552050400
Fanoodle;47092 Quincy Trail;8528180;527394486;377417789
Jatri;929 Grim Point;7402117;145704450;786715462
Yodo;38 Swallow Place;9861985;122022223;277853663
Skipfire;18826 Tennyson Junction;6413631;570005245;188769688
Flipstorm;771 Manitowish Street;7336886;293202751;888399604
Blogpad;915 Brentwood Pass;8091071;854284800;873002149
Thoughtblab;94468 Brentwood Way;7547819;393778662;956132351
Oba;5 Waxwing Crossing;9791159;673093642;114629544
Skipfire;09 Oriole Plaza;1287008;476057551;223439010
Innotype;3697 Loeprich Street;8795856;651971928;934206998
Meedoo;538 West Lane;5231370;226409871;690494179
Skivee;903 Daystar Point;5745657;273477501;772874774
Yakitri;74 Rigney Plaza;3799527;406765206;602778826
Mynte;01603 Tomscot Lane;9313411;990891383;406966544
Twinte;7 Messerschmidt Center;7300420;673051914;922783248
Wikido;3 Grim Junction;7631350;991420914;224103059
Realblab;60785 Kedzie Point;5081928;766035597;901074512
Skalith;8235 Oriole Junction;3453002;653316637;504057259
Cogilith;40130 Pankratz Terrace;3265742;181954423;156592245
Feedfire;835 Knutson Street;2948625;769504370;989134484
Dabtype;8 Lyons Trail;5187848;676201521;725751110
Realblab;52 Delaware Street;9467735;900953299;993940515
Twitternation;6 Southridge Center;8074751;425333785;917548332
Geba;682 Park Meadow Hill;6446806;567761513;113297464
Topiclounge;27237 Dakota Alley;4654477;436995807;350180455
Realfire;9354 Golf Course Crossing;6598062;252602849;939656260
Browsebug;7 Kensington Street;3312577;801045737;990410238
Meedoo;91 Ramsey Junction;9038273;515543634;946501143
Rhyloo;2848 Steensland Place;8633103;777910186;626498322
Thoughtbeat;4395 Twin Pines Street;1659000;751675190;133974109
Tagtune;62 Crest Line Junction;2074680;653731083;993090632
Skippad;5575 Norway Maple Center;1708363;854330921;432806151
Demimbu;9460 Namekagon Park;3967352;287649414;468386038
Shuffledrive;1781 Kensington Crossing;1149713;581121425;867801788
Jabbercube;942 Arizona Court;9281811;357226382;992200517
Camido;31 Sauthoff Crossing;6075448;288194484;811195815
Twitterlist;362 Bowman Avenue;7679205;754470736;473742181
Rhyzio;885 Debra Place;3530319;624411438;746425027
Roombo;27 Vermont Hill;4009638;706544948;639433350
Thoughtsphere;3 Eastwood Lane;9855736;128439626;259774564
Yodel;3 Westend Plaza;2768383;733182534;468642275
Gigaclub;57472 Homewood Parkway;5739577;592272084;190459680
Skinte;37259 Novick Center;6500287;630789796;401008107
Meemm;087 Troy Alley;1926934;464031315;317160865
Photojam;02 Bultman Street;3464594;853289800;288166776
Bluezoom;49537 Ohio Hill;8878009;996629385;214928262
Quinu;427 Nova Center;7637958;463345851;144115600
Yamia;1 Thompson Place;3534891;537432701;715528193
Centimia;1 Quincy Trail;8419510;361325229;713631986
Jetpulse;063 Riverside Court;3856749;378492644;945438636
Livetube;5019 Sundown Pass;5063741;229321701;268804046
Gigabox;2795 Fulton Trail;5423523;924105745;112193079
Realmix;537 New Castle Park;2339490;223486418;576979397
Vitz;9 Luster Hill;2859991;335564455;413596615
Jetpulse;0682 Red Cloud Road;7094998;410063489;440062308
Myworks;213 Norway Maple Way;1138633;823767296;162340166
Dynabox;887 Heath Avenue;8676501;327404553;708895196
Photojam;73 Hayes Park;1208519;607864519;922962852
Shuffletag;8090 Burrows Street;1201353;604080039;192888117
Skivee;873 Ridge Oak Drive;3139476;998144158;411670264
Eire;16126 Carioca Crossing;9448836;579364854;407196174
Voonder;9073 Lakewood Park;4580081;190581229;783057457
Youspan;543 Forest Dale Crossing;3708686;630008599;644485677
Edgewire;4 Bayside Road;5414544;986717336;289899150
Fadeo;82 Maple Park;5708746;822350446;820824273
Roodel;368 Crowley Terrace;5870684;950504756;519711094
Zoozzy;20341 Coleman Hill;9363594;487257009;369795067
Quamba;5 Toban Drive;8991797;562579093;615209372
Rhynoodle;43 Trailsway Junction;3407297;611017344;894976678
Twitterbeat;1180 Shoshone Road;5368088;731931222;902280200
Agimba;97081 Morningstar Junction;7312223;686931248;359078587
Devbug;4959 Grasskamp Street;9907282;170405143;652730477
Photolist;30 Moose Point;4454756;855163205;710778675
Browseblab;036 Northwestern Terrace;6663997;842777392;381755960
DabZ;15047 Ridgeview Circle;4138045;944638917;167895435
Avamm;071 Dorton Lane;6120388;839297938;840836236
Dabtype;68 Swallow Way;8405406;782183559;346062845
Feedmix;5869 Killdeer Road;5349906;381504891;166343059
Dazzlesphere;586 Holy Cross Avenue;6572050;878030556;485828496
Babblestorm;53716 Stoughton Terrace;2772557;781053651;400399153
Cogilith;499 Thierer Pass;1845090;355644361;115590773
Skiba;27732 Monica Place;4869009;652004114;476958117
Browsetype;20652 Eggendart Place;6046398;598665118;628648604
Jaxbean;60244 Weeping Birch Hill;1124256;947279205;354339894
Jamia;6325 Fairfield Hill;6465936;302951558;509660906
Meevee;33172 Duke Pass;2076925;946299274;254338597
Jabbercube;6603 Kings Court;8503804;512473005;822858800
Skajo;813 Susan Way;4323545;421113496;875847548
Voomm;165 Sunnyside Road;5255612;812508499;307646589
JumpXS;7 Canary Park;2718973;698371399;222235236
Janyx;9 Tony Hill;8094919;389676036;495641601
Dynazzy;17 Messerschmidt Parkway;9115971;970988816;257591371
Zoomzone;93832 Cordelia Junction;4761662;873794141;407955437
Jamia;95350 Westerfield Parkway;2669968;142866230;654102895
Riffpedia;78127 Debs Street;8526540;632238467;322733987
Realblab;55 Red Cloud Hill;9410296;712863562;659039802
Realbuzz;0 Tennessee Way;5808574;617802023;221211425
Devshare;238 Di Loreto Street;5708992;221934491;470892972
Meedoo;15 Fisk Place;6588390;304682602;217174438
Gevee;09306 Truax Drive;3047394;792029684;342637299
Demizz;92164 Vera Street;6131555;354950620;145465265
Voonix;1 Delaware Drive;8491404;642286486;244996267
Trilith;1340 Quincy Point;7594235;736896621;415051366
Midel;5938 Comanche Place;2026325;490438059;557173568
Devpulse;2303 Algoma Way;9704817;333919658;545092129
Yadel;2372 Butternut Parkway;2682239;288982795;358693067
BlogXS;7153 Brown Place;7830733;802555230;859231945
Agivu;8 Carey Court;8452783;203275628;812440450
Brainverse;6 New Castle Center;2889043;563949104;489820421
Zoomcast;70148 Iowa Center;5184395;241050209;467353275
Voonder;60 Continental Court;3206255;501176361;504326650
Browsedrive;7 Scott Point;8607015;143637273;992047971
Kazio;3008 Independence Court;2131997;647225336;646525411
Vidoo;4 Hauk Plaza;2813956;921522432;925815493
Tavu;1775 Granby Center;6876628;189390708;743071594
Linklinks;89 East Way;5559226;785598443;995648933
Digitube;7227 Montana Center;5931573;339861450;466813275
Fadeo;58015 Fulton Road;8549591;254399977;535299262
Twitterwire;75 Browning Court;8648953;156218668;615467194
Brainsphere;83 Riverside Pass;6531434;212962412;141493876
Meeveo;748 Bowman Road;7993233;637145880;701293976
Jamia;10371 Mccormick Parkway;8383316;483421431;262677264
Yambee;24 Merrick Drive;3544279;652567948;291647472
Jaxnation;889 Union Avenue;4977404;957001201;113854639
Yakidoo;85558 Lyons Trail;4182370;453903878;568605717
Meevee;9 Clyde Gallagher Road;7524779;298692193;944956715
Linkbuzz;930 Lillian Crossing;2921868;831202132;935267768
Flipopia;617 Leroy Alley;8968540;548362406;613809192
Edgeclub;2087 Buell Point;6750285;244221408;892427429
Gabcube;05 David Place;2423320;392583621;908404176
Avamm;81543 Holmberg Alley;7345502;420030169;200554780
Cogilith;52 Huxley Lane;6368814;481867288;451125871
Skyba;67 Waubesa Park;5020119;598418038;811386605
Edgepulse;82227 La Follette Circle;5370885;629203115;365088121
Voonix;8 Leroy Pass;8896765;633010563;622633392
Skinte;39546 Parkside Junction;2190140;766458284;737354856
Fatz;87 Sundown Place;8892004;693496367;591221236
Gabvine;0384 Pawling Drive;1922466;320135197;338564479
Demizz;22 Veith Plaza;4008790;292734965;250717519
Avamm;196 Bluejay Avenue;5535922;616619849;848404861
Skipfire;07 Mosinee Drive;6962312;924907458;706853764
Muxo;30428 Waubesa Pass;6499475;575805626;112036491
Meevee;9298 Eliot Park;5716578;418592786;466652416
Blogtags;170 Johnson Court;2957548;777183121;396160618
Voolia;2745 Swallow Court;6320932;870147321;895864324
Pixonyx;30999 Merrick Terrace;8050455;753246587;892631823
Camimbo;7352 Tennyson Hill;6629995;374485492;621240951
Meevee;6 Northview Trail;8746832;704838323;238364645
Blogtag;22185 Susan Point;3282694;723109445;868484486
Trupe;6889 Waywood Alley;3237150;798820884;816345230
Zoomzone;13617 Talmadge Way;4977447;684789430;703017842
Plambee;31 Rigney Junction;1666407;584433296;639060732
Buzzbean;25556 Charing Cross Trail;3294121;286025115;244792714
Brightdog;72104 Johnson Alley;1649929;500220096;821256379
Muxo;63 Lien Point;5127609;355312851;359824119
Topdrive;073 David Circle;5708479;866749233;115989216
Twitterlist;3356 Memorial Road;1585697;788512421;472701713
Yodoo;1434 Straubel Park;8254916;811965591;193849928
Eire;22046 Judy Alley;5503700;659957812;469211218
Skyble;0 Main Avenue;8831758;409377982;668803361
Kanoodle;08397 Summerview Parkway;4869800;315583677;639446461
Skimia;39 Summit Plaza;9034158;157483925;919790118
Devshare;73 Farwell Avenue;2719154;813755397;217074819
Myworks;23 Dorton Junction;2249276;661678476;192877714
Ntags;10 Muir Drive;4898816;221645032;253010742
Ozu;25 Union Trail;6316193;333688428;842087270
Buzzbean;9648 Farragut Hill;3435962;553996183;303356293
Brainverse;3 Nevada Park;4813626;742663761;625307251
BlogXS;6 Crowley Terrace;7872124;115431275;422086804
Trilia;0 Canary Alley;5056775;714106998;339245087
Muxo;5663 Lillian Drive;6839130;156302861;245085900
Gabspot;1108 Declaration Center;1937463;313536147;451249446
Skiptube;28521 Union Circle;3478422;859579931;147839984
Omba;203 Hooker Crossing;7017725;705231774;594463832
Quire;45659 Pennsylvania Park;8041732;230784441;460368199
Pixonyx;9536 Haas Parkway;5039395;346736931;134594101
Skiba;932 Kennedy Plaza;3297629;717040200;812046269
Youtags;65322 Drewry Point;5550283;845115183;905234876
Realmix;2 3rd Point;1566929;433473229;380836966
Livetube;88 Hagan Place;3826271;442840356;910288565
Thoughtbridge;82719 Redwing Center;9779094;943303797;154020906
Avavee;32870 Grim Plaza;7698844;890608546;666368921
Eayo;986 Derek Park;8868719;534940402;663246158
Brainsphere;2219 Vermont Court;2871170;880101088;753593441
Skimia;9 Forest Dale Circle;2780715;460312774;154995318
Brainsphere;33 Fair Oaks Junction;9127451;552835785;996810729
Shufflester;02 Kropf Plaza;6988094;789468193;134365341
Meezzy;9281 Golden Leaf Point;2639995;421781056;318408291
Oyondu;67 Montana Place;5406352;504432396;973325430
Nlounge;48203 Crownhardt Hill;5062503;663298584;515585580
Podcat;84330 Sycamore Circle;2962835;620078901;576556553
Oyondu;879 Sommers Plaza;8570520;296082713;718579543
Voonyx;8600 Sommers Road;2112714;654560553;392940621
Livetube;7 Morningstar Pass;9273334;144563915;437940185
Twimbo;609 Nancy Drive;4310698;171771753;437017700
Demizz;89106 Linden Parkway;3394971;891437301;285958351
Zoombeat;5228 Reinke Alley;7977030;636689615;851480309
Pixoboo;2308 Melrose Avenue;6664603;335958634;469009900
JumpXS;22 Bobwhite Center;3749283;461135408;338038910
Pixope;18844 Manley Terrace;5545853;693342764;238444282
Omba;1 Mayfield Trail;4806451;889632062;662109186
Kayveo;45315 Grim Park;5361374;152546347;331955584
Demizz;130 Chive Street;2151041;356577936;875580347
Jabbertype;6089 Northland Crossing;9249893;349922142;157484268
Thoughtmix;263 Loomis Drive;9973289;762809584;811237710
Flashpoint;7 Center Center;9110690;707892512;497477121
Ooba;3922 6th Hill;3804667;855163696;778776799
Oyoyo;8608 Lindbergh Place;3462273;702583203;537603517
Tekfly;4 Mockingbird Parkway;1302757;481164619;146859559
Photofeed;69 Stoughton Lane;9332025;325797598;150793968
Dynazzy;64953 Cambridge Avenue;4919816;470523189;158170065
Mynte;2 Carpenter Pass;6753732;553291829;900750648
Browseblab;059 Crescent Oaks Drive;2476151;859689967;784579370
Talane;9 Kipling Plaza;2625949;195346070;521340906
Fiveclub;66 Packers Pass;6686143;381434491;901852032
Roombo;72 Heffernan Junction;4483382;960087658;113116303
Ntags;52 Forest Dale Alley;8135781;908318703;210273597
Topicware;9933 Fieldstone Plaza;6593150;889486890;669278743
Blogspan;653 Memorial Point;8686152;899659386;764403282
Meevee;61 Sunbrook Court;6130016;214861892;781161753
Zoonder;9688 New Castle Park;4261402;330346182;714650570
Youopia;9 Granby Way;6216237;253485503;410085311
Youspan;203 Rowland Pass;9436712;892312061;337081719
Topiclounge;14337 Chinook Plaza;2278141;360817870;634119495
Skiptube;5 Spenser Street;6098284;349846102;167867619
Kazio;695 Manufacturers Avenue;3374445;288845649;715438283
Buzzbean;5 Reinke Street;4157747;391510867;117029201
Jabbercube;7 Vermont Hill;2457290;617867844;826058228
Mycat;88365 Glendale Street;8846151;493519782;301007189
Brightdog;4 Crownhardt Court;2006813;739166860;650030752
Kwideo;3 Killdeer Trail;8143686;638708193;437051477
Viva;98 Spohn Hill;2083187;344731464;210455459
Layo;47 Lukken Trail;6258313;940204442;951147138
Centimia;83 Walton Court;8639667;168567588;789061269
Livefish;00486 Cottonwood Point;6768995;366618394;725960553
Rhyzio;6777 Tony Terrace;7070238;828109759;357517001
Ainyx;7 Elmside Junction;9869254;981881788;674486922
Livetube;03 David Pass;8004542;233908245;340114394
Kayveo;638 Golf Street;4975119;134935180;971845589
Thoughtstorm;49 Lotheville Way;3100027;389540938;747518904
Yodel;182 Norway Maple Junction;3875755;501548782;311013162
Youbridge;2 Northland Road;8033418;131381313;861682906
Tambee;95275 Morrow Drive;2348402;427704498;495817078
Skinte;29315 Sunnyside Center;8451984;180893093;961163518
Twitterbridge;80309 Texas Street;9503799;996271009;481146797
Realcube;11330 Pearson Junction;2765579;811086585;402804387
Flashdog;10549 Sullivan Lane;3323511;968356886;774763431
Yombu;5389 Oriole Way;3789336;582389560;999124177
LiveZ;8 Brentwood Circle;9453709;532293314;441503322
Gigaclub;74167 Anderson Parkway;3100605;285584528;144740176
Twitterbeat;387 Northfield Place;3696839;569782242;409544771
Gabtype;50 Carpenter Way;9935914;718292383;825943046
Avamba;985 Milwaukee Alley;3290860;630256423;388542082
Kazu;97020 Golden Leaf Hill;8669694;291390912;994895217
DabZ;092 Almo Drive;2726106;716382644;630830896
Eidel;90 Bluejay Alley;7160468;271608405;561068913
Jatri;212 Portage Trail;6828093;286315228;756180175
Trudeo;6752 Hermina Lane;8096268;852887940;356421179
Mudo;04687 Waubesa Drive;9271110;550739899;357125735
Avamba;932 Russell Drive;3552273;737788266;549719697
Cogibox;10669 Havey Junction;7457329;114259857;911177296
Zoombeat;93 Anzinger Pass;2587993;821492168;645611006
Izio;618 School Plaza;8231436;192985804;313810626
Centidel;2391 Veith Parkway;4927551;480690730;914738900
Oyonder;35 Dottie Way;3350547;356368266;982196454
Thoughtblab;62 Westerfield Drive;5800273;235033779;873070605
Twimbo;3366 Lake View Lane;2318845;660570109;642116399
Meejo;663 Pierstorff Way;4566446;646385213;447021151
Roombo;00026 Milwaukee Road;6421425;853772293;927817559
Dazzlesphere;026 Sauthoff Lane;3321954;147329604;645054895
Quinu;1 Monica Avenue;2444923;154790840;827788218
Gabtype;95686 Orin Point;9167528;137612504;537262180
Kare;1 Dwight Pass;5807952;957007982;178650225
Roodel;638 Ludington Drive;9628995;731653594;815661504
Realfire;18225 Emmet Pass;3988846;479821416;657621653
Wordware;40 Schmedeman Pass;3705127;515779696;216879484
Gevee;616 Riverside Hill;4583852;728455091;726433912
Feedspan;695 Park Meadow Trail;1357001;930268114;921161998
Pixope;56789 Holmberg Drive;9641096;445150140;431526153
Yozio;154 Prairieview Lane;5402944;777734830;211376241
Flashpoint;9485 Butternut Crossing;9777161;785781500;379627559
Quamba;6 Cottonwood Point;1981554;400905437;772096702
Skilith;25 Clemons Road;6436017;684049482;743238964
Skidoo;88671 Eastwood Street;4604050;261748404;694062661
Blogtag;760 Kedzie Junction;2036828;562249343;704522751
Brainbox;80 Hovde Trail;5964647;738343971;861529667
Bubblebox;41 Clarendon Lane;1138805;484701458;504775649
Geba;87 Lakewood Terrace;1914735;596546983;542489074
Devpulse;4 Thompson Road;4278758;295547968;304640976
Fivechat;1 Little Fleur Avenue;9817184;710813200;126937353
Feedspan;8436 Ilene Junction;4103530;736274718;150116441
Abatz;233 Caliangt Park;5402905;324366987;426122790
BlogXS;0653 Porter Road;1338016;167910337;673359044
Edgepulse;2 Reindahl Parkway;1622221;950939808;291968690
Blogspan;4 Del Mar Junction;5170264;594076333;329789587
Zooxo;8 Dennis Road;6263752;646330769;413861685
Demizz;785 Merrick Road;6688313;392605522;768213002
Latz;22 Hoard Alley;8082692;614448013;507543485
Yodel;9 Maywood Park;4732710;383130441;620320521
Bubbletube;635 Di Loreto Circle;7678594;630252703;198268390
Pixoboo;36453 Stuart Lane;8541565;208438197;551076378
Tazzy;2578 David Lane;8293220;231239620;552024902
Wikizz;0 Bunker Hill Way;4451898;122107926;664615561
Vipe;526 Truax Plaza;8684482;397004602;124568174
Centimia;5886 Golden Leaf Park;1903033;979303968;505827679
Realcube;52192 Vera Parkway;7310496;222875737;791900118
Linkbridge;074 Kedzie Terrace;9918511;765156112;312429196
Voonyx;7518 Sundown Parkway;9631330;153091476;515007749
Rhyzio;597 Stoughton Circle;3656859;459910952;994488958
DabZ;159 Mesta Junction;7712779;729302510;449706789
Riffpath;07310 Fulton Street;9835510;254795337;267204138
Reallinks;21356 Doe Crossing Pass;5756943;574629137;549595599
Shufflester;43 Oak Valley Avenue;4529385;331586979;773889643
Talane;688 Claremont Circle;9177254;405689249;535191766
Browsezoom;80 School Drive;4891407;953837084;877315244
Roombo;91270 Dakota Court;1380925;496833997;698295425
Avamba;95 Canary Point;8302893;715381378;759840424
Mymm;5070 Anniversary Crossing;8298497;766145319;816664011
Photobean;51 Lien Plaza;8774936;845283756;253955065
Twiyo;72333 Forster Hill;4827361;210101320;802649463
Voolith;45852 Continental Hill;7251602;276189007;923318237
JumpXS;6 Sutherland Way;8026273;827695116;944396109
Ainyx;635 Red Cloud Junction;6481238;440877550;932096527
Jaxbean;613 Merry Park;9002217;887638277;473665627
Dabfeed;9 Forster Junction;6917188;938998090;326258970
Devshare;967 Bellgrove Alley;6587478;156610655;378741570
Demimbu;0412 Becker Avenue;5504414;781305647;999668167
Twitterwire;00067 Carioca Trail;6127165;400006703;875873750
Blogspan;23348 Arkansas Parkway;2611971;703351358;679113262
Jamia;6803 Northfield Center;3093699;689891113;821842224
Linklinks;86966 Bluejay Circle;3598646;282666454;168527127
Linklinks;62176 Farmco Center;6929019;292594399;323253759
Rooxo;1524 Russell Hill;3218148;242422599;628913755
Kaymbo;889 American Lane;2961513;549093536;621851859
Zoozzy;0451 Algoma Lane;9550846;294375743;213365378
Mita;4482 Superior Way;6979247;214399644;752171993
Bubblebox;7542 Birchwood Center;3136109;532396097;634911264
Feedfire;3 Texas Road;3228383;358824704;139144059
Tambee;7531 Erie Center;2853664;481470984;806226222
Photospace;71293 Lien Drive;9264903;971822154;826996614
Snaptags;59704 Hanson Lane;1495779;250510771;807292913
Photobug;640 Evergreen Alley;6261573;384264068;561145017
Tazz;5 Chinook Way;6517268;475458762;367499826
Wikivu;951 Lakewood Gardens Crossing;3426385;196368903;765553278
Kwideo;966 Pearson Lane;5269173;975346277;203163214
Photolist;09 Ohio Terrace;4675280;989688278;922172296
Wikizz;107 School Junction;4799122;114694502;111121518
Nlounge;392 1st Pass;8456582;307890321;325598701
Mynte;87 Sauthoff Avenue;6129307;290352333;891601904
Dabvine;595 Pearson Parkway;1120278;737317983;697822706
Realfire;92245 Rusk Road;7324578;332330335;380812630
Jayo;845 School Street;1816919;692642101;734436187
Realpoint;832 Stuart Street;1364010;604416363;950948096
Tazz;6 Hooker Trail;5437676;148609268;567059807
Gigashots;2764 Oakridge Pass;8393406;635584620;716163995
Photofeed;96146 Butternut Crossing;4121469;311966144;948999200
Dabfeed;4115 Macpherson Plaza;6418803;273143010;759495491
Brainbox;919 Cottonwood Hill;8684010;578854227;284308023
Rhyzio;18 2nd Circle;7346102;229918286;850852387
Dabvine;1 Upham Circle;8892392;273003798;152704150
Meembee;7 Birchwood Drive;6578766;375878985;555907988
Browsetype;329 Morning Terrace;2427772;396309221;606399339
Thoughtstorm;86 Basil Crossing;1410281;912728946;951006320
Babbleopia;9 Pennsylvania Street;4087002;950201926;279067911
Browsecat;3818 Coleman Parkway;6398531;573636075;169120553
Demivee;784 Dottie Alley;5736146;705115248;611268267
Dazzlesphere;5109 Daystar Crossing;3553007;976028056;477562642
Gigashots;434 Declaration Alley;7928134;307064370;344290476
Skiptube;40 Mesta Terrace;1267602;228641142;653912058
Realfire;3444 Loeprich Hill;1350632;272366536;541150509
Tagtune;18 Superior Parkway;6207331;936520230;453084191
Skajo;60231 Bunting Park;6146857;735004428;831217930
Dabtype;531 Bashford Crossing;1798093;881124755;452816384
Buzzbean;483 Clarendon Drive;9894157;145135933;807392787
Meevee;90 Debra Parkway;7937196;119452193;661921130
Wordware;53779 Myrtle Pass;9339113;128879771;614250191
Zooveo;6 Transport Pass;3934402;893713247;560983663
Kaymbo;077 Merry Park;6841761;831262350;996733885
Brainlounge;39181 Forster Lane;6705531;800872334;927637663
Gabcube;21495 Grover Crossing;8633890;220387862;959577716
Leexo;1 Londonderry Place;2655215;291845035;778877258
Trunyx;2132 Sugar Center;3116847;706718559;326129186
Skimia;7 Marquette Hill;4191623;640926347;413237090
Eayo;21 Autumn Leaf Road;3017205;212581319;739067625
Oba;175 Rigney Junction;3765114;962283099;369086141
Yodel;3080 Monument Plaza;4738012;142192701;616104552
Jabberbean;2022 Bunker Hill Street;7163319;786917453;913219092
Buzzster;482 Magdeline Alley;6211650;696344573;717101616
Edgepulse;56993 Crownhardt Lane;8624997;165667599;276434598
Kazio;870 Sachs Park;2499885;691249043;485744177
Blogpad;5 Katie Parkway;7043394;563010534;830893289
Photobean;878 Randy Point;2521316;656153771;877149751
Blognation;1 4th Court;5164618;799554843;178891663
Thoughtstorm;59881 Fairview Street;5914479;795861965;388850468
Mynte;4 Gerald Avenue;1321312;447698643;274143246
Meemm;7522 Scoville Way;7689884;384028534;759840377
Babbleblab;417 Lindbergh Avenue;2406471;659079144;549914949
Divanoodle;6 Gulseth Park;2708361;152436020;652222975
Tagchat;2615 Monica Street;2805891;551543342;790192581
Browsedrive;4 Gale Center;2990432;918187667;456144647
Thoughtbeat;9 Forest Avenue;8238386;232265745;610866892
Kwinu;7 Declaration Circle;9228526;214882683;828128482
Viva;17139 Merrick Crossing;1524791;271415083;960151193
Skinder;17 East Place;4906132;341644207;720504607
Skipfire;6 Mosinee Court;2685338;934184898;764483565
Realpoint;0 Meadow Ridge Road;8558507;816368053;960934523
Livefish;36647 Briar Crest Avenue;1930077;574697712;899606745
Jatri;03792 Debra Plaza;7842744;162918879;618765513
Gabcube;728 Green Crossing;9216608;801135339;279741256
Livepath;30862 Nancy Road;4217872;329337835;458106844
Brainlounge;3593 Sullivan Street;5956893;928049844;663950292
Twinte;67267 Clyde Gallagher Court;9837964;883061970;309755728
Gigashots;046 Valley Edge Point;5897161;595359484;150929267
Babbleset;44435 Sachtjen Crossing;9078776;593478485;180288636
Meeveo;579 Schiller Park;5364086;659627779;153553598
Quatz;02108 Cambridge Lane;6602662;181798345;295945339
Roombo;521 Hanson Parkway;6836090;326993597;494776221
Yakitri;093 Blackbird Drive;7055664;851149025;202608403
Aibox;149 Fair Oaks Pass;7606421;350309567;381842653
Tekfly;2 Roxbury Hill;8973486;927152046;865307917
Plambee;2354 Thierer Street;1812224;861164949;390112914
Centimia;8204 Ridgeway Drive;1112231;534459588;223052189
Realbuzz;8 Veith Center;9089962;129886183;330803876
Brainverse;43 Cascade Road;4041808;116964567;660875319
Jaxbean;1 Clove Junction;6054109;542715764;858917113
Youfeed;01 Darwin Court;9902621;321413027;980642677
Realcube;27 Atwood Terrace;5853563;382506124;267294793
Shuffletag;580 Declaration Point;6764365;574105111;687692145
Omba;24 Colorado Place;7578207;378910305;652647572
Skipfire;34682 Moulton Plaza;6745750;615025519;456572688
Cogibox;802 Hayes Alley;3029148;855116422;999697624
Edgepulse;084 Heath Junction;6578081;314483739;321709999
Dabtype;891 Farmco Drive;4416301;347597579;970624875
Janyx;0 Sachs Plaza;4173921;840926541;683676511
JumpXS;10455 Brown Point;8450253;716564190;752423957
Tazzy;5 Fair Oaks Junction;8250062;534236589;291108831
Digitube;32 Porter Park;2170344;170680786;617446793
Zoomcast;2 Jenna Road;1264866;573788724;425960202
Rooxo;9603 Summer Ridge Avenue;5036022;887170130;624980024
Gigashots;8 Sullivan Parkway;8673892;562749521;339231027
Riffpedia;13485 Eliot Avenue;1434677;479634938;250769100
Skalith;0 Fairfield Trail;5202673;455150088;157073668
Voonder;71328 Village Green Drive;5748234;910508943;329326107
Skaboo;53825 Quincy Trail;6417873;739231520;275173337
Devpulse;9120 Boyd Avenue;1311604;402444453;262632184
Gabspot;12099 Messerschmidt Trail;3726273;287842962;275056763
Kwilith;3 Dawn Circle;2484351;537972690;196305164
Jaxbean;081 Swallow Junction;5301005;856073699;808810401
Kare;871 Kennedy Lane;5409003;354120205;252043478
Wordtune;60 Riverside Crossing;3967587;968127345;356768282
Tambee;2 Ilene Park;6080860;393571280;649034931
Geba;10 Granby Parkway;9335858;883920614;314890612
Skippad;1664 Northport Center;2710798;381208589;421696671
Tagcat;9 Sutherland Circle;5759491;371429830;633507377
Wikido;678 Ramsey Parkway;4244546;363280068;336341578
Kwideo;83346 Monica Alley;2211944;480599792;580533305
Meembee;0932 Troy Center;1908957;353848671;675058619
Thoughtblab;36 Iowa Parkway;2530652;968271767;510492272
Yadel;98 Sachtjen Parkway;7148027;364749467;482017247
Realcube;98175 Lunder Lane;6558619;366246011;184236468
Thoughtsphere;027 Green Alley;2041905;914102454;560311982
Dabtype;4 Atwood Center;3836832;822665639;255239267
Gabcube;5 Maple Junction;5478991;530194607;883048229
Demivee;74 Clove Plaza;5078758;938874780;528494697
Realblab;250 Waywood Place;7517740;760430145;833220840
Edgeclub;397 Vernon Pass;8118143;262385414;414111581
Dazzlesphere;9752 Superior Point;2088251;432756124;118708288
Twitterlist;39 Upham Parkway;8903967;262482702;182598860
Oloo;4738 Rowland Alley;4962703;719055386;813319390
Livetube;83 Daystar Road;2818862;847713906;281810791
Leexo;0 Florence Trail;6195586;623235466;586151815
Brainverse;70 Oneill Center;2172981;928869329;211658041
Jetpulse;5400 Hanover Terrace;3951879;367372211;928263640
Edgeclub;35766 Twin Pines Way;4602718;722761590;370891675
Devcast;51880 Jenna Parkway;8033209;904175084;403626336
Tavu;78 Texas Avenue;3356833;661174438;650878058
Skajo;5178 Melby Way;8611494;601854367;901837845
Jabbercube;1986 Jenifer Pass;2307883;181013444;811114388
Bubblemix;31220 Nova Circle;2762561;419454843;529704087
Dabvine;474 Fordem Avenue;2736317;390778951;729550001
Voonix;593 Washington Trail;1126387;483213644;182255857
Browsetype;3 Johnson Hill;6612675;277326462;255466790
Yamia;8 New Castle Park;8031646;122491294;588890133
Layo;9574 Hintze Trail;2014105;326450166;218576621
Kazu;60512 Cordelia Alley;2845112;830571708;476731154
Janyx;175 Logan Point;4598612;271347171;692152417
Tagtune;2213 Huxley Hill;4647092;733784441;325514468
Gevee;2969 Macpherson Parkway;5967084;484441430;627435463
Chatterpoint;35 Veith Center;8834758;401156191;700339355
Photobean;2 Trailsway Park;5107250;903218682;298475874
Fadeo;13727 Garrison Parkway;3024131;148975744;824891642
Browsecat;37117 Starling Street;5928029;537496132;595174608
Yodoo;1326 Shopko Place;7324041;377255629;719568958
Eimbee;6786 Esch Crossing;9149854;923232544;315194780
Skimia;1440 Canary Way;9279773;427483031;475065838
Skimia;5 Menomonie Alley;8572347;751506349;905319120
Oyope;93 Sutherland Alley;7596871;348627061;172122018
Feedfish;8523 Straubel Junction;9368866;823524299;293554764
Browsebug;7 Roxbury Trail;1245466;600566675;974313460
Twitterwire;6024 Leroy Terrace;8820067;569925164;894673885
Avavee;50 Amoth Road;5390880;815310976;588384950
Muxo;2 Melvin Trail;4932986;838187964;130106645
Meezzy;156 Mccormick Pass;5063027;561718633;406771127
Mydo;90 Del Sol Avenue;6798919;408318565;736597180
Camimbo;86 Talisman Trail;8149422;913802205;868012629
Kanoodle;1 Fisk Circle;3373591;608314997;534901436
Babbleset;521 Steensland Lane;9425141;466547495;696061767
Cogibox;536 Briar Crest Lane;9539880;984661706;197255567
Fliptune;79 6th Junction;8762348;646296683;650670783
Voonyx;7877 Hauk Plaza;2743404;119620324;340647194
Fliptune;5 Chinook Street;7091504;251959077;972904425
Youspan;801 Bunting Plaza;5352035;299676290;902737952
Divape;45242 Bashford Crossing;6028506;787943832;548235048
Skynoodle;839 Stang Court;3896905;984124804;876949307
Ntags;2 Sunbrook Hill;5325352;573145567;462164618
Avamm;9 Golf Course Crossing;7990208;361878402;538955317
Tagpad;71472 Autumn Leaf Parkway;3122098;968365340;315491731
Mynte;9 Twin Pines Street;8000188;764191409;414503769
Skibox;122 5th Trail;4280541;361360651;944325720
Flashspan;63731 Cambridge Pass;4515925;876679963;710401554
Rhynyx;55844 Randy Junction;2386848;624080019;794163001
Vimbo;05730 Bay Trail;3317697;810687144;953880594
Mynte;4650 Heath Lane;5765555;692762897;555654536
Meeveo;2101 Fallview Court;5866496;432207150;174320476
Quamba;09 Laurel Point;8030811;634296031;659415216
Twimbo;402 Warbler Alley;6238253;416486789;649235327
Dabshots;57347 Schlimgen Street;5528087;946155376;957128863
Mydeo;074 Rowland Point;3665439;889036238;980297252
Feedfire;58 Sachtjen Plaza;8948728;194453318;160365886
Divape;16 Derek Trail;7234900;896374856;260091266
Twiyo;7511 Florence Junction;6370092;196564995;215508605
Fivebridge;4 Brickson Park Place;9564960;636462644;285953474
Topicblab;43 Nova Alley;1164326;713197882;998014896
Livepath;4609 Bonner Road;7614361;290468334;613679489
Yoveo;37 Hoepker Place;3931897;832271429;600373775
Muxo;255 Nevada Alley;4697280;162488596;488405890
Browsetype;97702 Old Gate Crossing;6797682;863889419;618329191
Brainsphere;287 Elgar Alley;4728975;314584771;752813087
Oodoo;1 Dakota Avenue;9075805;845597407;683377364
Trilia;7938 Jackson Lane;5410411;995538048;147663475
Yakidoo;63791 Boyd Lane;6401559;711713951;312347914
Fivechat;2702 Farragut Plaza;1264128;793971203;133613396
Meetz;05 Nobel Hill;8667024;279551687;235837723
Pixoboo;8208 Miller Court;6855549;362431101;514030960
Topiclounge;3499 Stang Circle;2056436;775031956;430173253
Trupe;2 Tennessee Crossing;3717306;335578772;603680905
Dabtype;8 Southridge Road;4408858;247075901;394254907
Trudeo;3211 Petterle Park;1474405;648157459;237815690
Shufflester;5 Shasta Avenue;2205014;572437203;514958828
Youspan;1 Lighthouse Bay Crossing;2954333;265582178;621560280
Realpoint;00690 Esch Center;3587568;491002033;364483481
Vinte;650 Shoshone Plaza;9978394;907258286;145751144
Avamm;4 Clemons Court;7644527;256429257;724044520
Jabbercube;984 Elka Drive;2540387;535172886;491440571
Photospace;8908 Havey Way;7284007;323920338;848664348
Thoughtsphere;176 Veith Junction;7999271;472645188;301891097
Yacero;5 Moland Hill;2613657;895583136;321662851
Dynabox;4110 Talisman Alley;1715260;359831264;458179757
Kazu;7 Schmedeman Crossing;8682246;352040997;494747541
Yambee;8249 Lukken Park;6563374;967055988;638345874
Mycat;48 Schurz Parkway;2567530;937876470;949089458
Dabshots;3 Carioca Street;3700855;787271889;744341527
Gabspot;275 Parkside Junction;8704887;409529834;273150901
Linklinks;4 Loomis Plaza;2891011;295783563;728631222
Devshare;75 Glendale Point;8681479;141552202;828837737
Centizu;30 Lunder Court;1324755;753739771;972842637
Topiczoom;0885 Steensland Avenue;6399681;160999449;492539477
Chatterpoint;7048 Spenser Park;2488779;695981584;267480822
Yata;859 Mitchell Parkway;9251094;457406210;663058878
Aivee;6747 West Alley;4654736;634571983;161207822
Oyoba;738 Gulseth Lane;7245221;742093367;483845946
Photobug;78 Graedel Place;8799579;867251271;748708792
Mybuzz;84 Waxwing Junction;1178913;452973005;312586187
Zoomlounge;45166 Talisman Plaza;9566752;208233296;519084739
Jetpulse;4 6th Road;2664925;528003051;444436006
Fivebridge;51 Rockefeller Trail;1590987;984246089;570349402
Voomm;372 American Junction;2212855;394603886;317583302
Devify;1 Di Loreto Avenue;8089126;900012687;550818025
Eamia;1 Walton Junction;4869693;638166607;503671458
Skyba;5 Di Loreto Place;7025692;137531490;981597933
Jaxnation;9826 Cherokee Avenue;8945703;946405743;587427839
Rhybox;41 Pond Alley;4626461;821268661;890407885
Browseblab;81 Fulton Road;7002299;382313798;904138302
Trunyx;9 Dwight Place;5000682;352352181;596116325
Skippad;9 Thompson Parkway;9968526;772108595;216926891
Buzzdog;268 Stephen Way;8690038;837000863;871430133
Quimm;863 Clove Pass;6809993;131320516;985653832
Divanoodle;93266 Spaight Point;3096329;343545336;976397278
Meejo;791 Nelson Junction;6844230;159638604;721150464
Yakidoo;41 Golf Course Terrace;9573575;830053860;755945081
Aimbu;1232 Pawling Terrace;7113999;256740346;231253118
Jaxnation;2799 Morrow Center;3401733;277112540;137051668
Twitterworks;2203 Lighthouse Bay Center;6842222;444797581;700912706
Skyble;317 Spenser Circle;5283312;362581303;447439227
Voonix;17 Waubesa Junction;5279911;749725531;489436551
Thoughtsphere;2537 Doe Crossing Pass;8840882;883788980;171670209
Linklinks;9 Killdeer Place;3858587;673370935;251644933
Quatz;84306 Cherokee Alley;3903774;856455065;642196420
Meemm;6 Memorial Place;6723206;266148092;864408117
Brightdog;910 Carioca Park;4101718;689234087;353865568
Viva;10 Atwood Alley;4898442;489008256;813027391
Ozu;55 Bayside Plaza;1621378;962650098;224416066
Gevee;20280 Talisman Drive;8386563;710659427;349385305
Realcube;96391 Granby Drive;1904886;814070563;976919523
Reallinks;2 Banding Way;9872058;461517406;787644596
Photobean;7411 Bluejay Way;2186777;778949572;653512265
Flashset;4 Warbler Drive;3567966;527779654;721353611
Eazzy;07 Village Green Center;6981952;292150173;164612501
Talane;47366 Bobwhite Pass;9346114;697798894;646110107
Devbug;256 Sullivan Center;4260481;834004501;942737527
Dazzlesphere;2 Crownhardt Pass;9532399;664917724;567188788
Chatterpoint;2 Harbort Plaza;7089790;813082397;393493606
Roodel;0 Roth Junction;6380373;212001161;638293329
Browsedrive;2 Eastlawn Place;9873558;918266758;516954635
Photobug;72 8th Way;4097626;361311358;419402100
Topiclounge;8 Lillian Court;9146759;274091285;838916240
Rooxo;1 Fuller Road;2238707;242651850;360637618
Skynoodle;73 Clemons Pass;5517843;990910691;507720448
Browsecat;861 Hansons Alley;3241713;956834905;132819817
Tanoodle;59 Farwell Circle;1938199;826921600;267517858
Skimia;7 Manley Avenue;7017293;184615630;858282402
Ntag;12 Towne Place;5685556;134646037;275121081
Browsetype;36276 Butterfield Crossing;6410969;776162904;775869678
Lazz;1 Mcguire Crossing;1986711;917910138;258299500
Gevee;88873 Rowland Avenue;2545741;305600296;891813806
Gigaclub;39994 Crescent Oaks Circle;2171895;998378233;539093308
Rooxo;4 Logan Terrace;4482717;883234590;729420862
Wikizz;76882 4th Street;7182666;121078320;952672724
Skinix;53183 Lillian Avenue;1219328;210944864;114120119
Dablist;494 Melvin Court;1574236;681737974;301326198
Wikibox;64 Butternut Terrace;6252270;709694379;867467402
Vidoo;967 Old Shore Court;5105367;963905450;609833053
Buzzster;87 Chive Pass;9432679;662584886;997967631
Fliptune;3922 Butternut Park;3141916;214408080;279686643
Thoughtworks;82531 Comanche Center;4916649;229099572;866854260
Babbleblab;1673 Muir Lane;9855974;963426306;195711708
Topicshots;787 Ramsey Terrace;3619030;694864694;524767638
Thoughtstorm;726 Gina Terrace;1446319;530863224;921032883
Skiba;40 Cambridge Parkway;9896404;885210822;286938733
Blogpad;7 International Point;8009092;189441595;971293363
Topicware;196 Derek Hill;1350708;254141073;666824804
Rhybox;012 Grover Park;6385186;800115209;803113519
Realbuzz;40192 School Road;6110752;232388723;428353321
Skalith;23 Del Mar Plaza;7906153;880399342;566034055
Babbleblab;6938 Nova Way;4806760;284931062;919626435
Tagfeed;995 Fremont Street;8507802;733717997;218021744
Avamba;8 Swallow Street;8977918;477694663;815780339
Kazu;09 Comanche Trail;8836001;513681660;801864161
Skyba;3335 Main Park;8257762;772919541;706903046
Dablist;12 Comanche Trail;5080932;803142048;265857651
Fanoodle;1 Dorton Plaza;3872812;451075338;677259062
Mita;6803 Carey Place;8721107;358585871;272072067
Wikibox;0048 Pine View Terrace;6815638;396544116;566817690
Cogilith;5870 Elgar Junction;7322897;618353563;659612225
Divape;5228 Kings Street;1845586;150646914;788687024
Skinte;750 Rigney Trail;7790338;458694830;547323858
Plajo;9343 Holmberg Center;3972450;892598954;935953360
Tagchat;8556 Cherokee Pass;3017385;999379284;941803585
Zooxo;8281 Glacier Hill Center;1953856;552362023;456640762
